Team,Winrate,Season
DET,0.78,05_06
SAS,0.768,05_06
DAL,0.732,05_06
PHO,0.659,05_06
MIA,0.634,05_06
CLE,0.61,05_06
NJN,0.598,05_06
MEM,0.598,05_06
LAC,0.573,05_06
LAL,0.549,05_06
DEN,0.537,05_06
SAC,0.537,05_06
WAS,0.512,05_06
IND,0.5,05_06
CHI,0.5,05_06
UTA,0.5,05_06
MIL,0.488,05_06
NOK,0.463,05_06
PHI,0.463,05_06
ORL,0.439,05_06
SEA,0.427,05_06
HOU,0.415,05_06
GSW,0.415,05_06
MIN,0.402,05_06
BOS,0.402,05_06
TOR,0.329,05_06
ATL,0.317,05_06
CHA,0.317,05_06
NYK,0.28,05_06
POR,0.256,05_06
